Year,Colony,Unique ID,Clutch No.,No. eggs,No. Chicks,No. Fledglings
2012,Antechamber Bay,1136,1,2,2,1
2012,Antechamber Bay,1137,1,2,2,
2012,Antechamber Bay,1138,1,2,0,0
2012,Antechamber Bay,1139,1,1,1,0
2012,Antechamber Bay,1139,1,2,1,
2012,Antechamber Bay,1140,1,2,2,
2012,Antechamber Bay,1141,1,2,0,0
2012,Antechamber Bay,1142,1,2,0,0
2012,Antechamber Bay,1143,1,2,0,0
2012,Antechamber Bay,1144,1,2,0,0
2012,Antechamber Bay,1145,1,2,2,2
2012,Antechamber Bay,1146,1,2,0,0
2012,Antechamber Bay,1147,1,2,2,2
2012,Antechamber Bay,1148,1,2,2,2
2012,Antechamber Bay,1149,1,1,1,1
2012,Antechamber Bay,1150,1,1,1,0
2012,Antechamber Bay,1151,1,2,2,2
2012,Antechamber Bay,1152,1,2,2,2
2012,Antechamber Bay,1153,1,2,2,2
2012,Antechamber Bay,1154,1,2,0,0
2012,Antechamber Bay,1155,1,2,2,
2012,Antechamber Bay,1156,1,2,0,0
2012,Antechamber Bay,1157,1,1,1,1
2012,Antechamber Bay,1158,1,2,0,0
2012,Antechamber Bay,1159,1,2,2,0
2012,Antechamber Bay,1160,1,2,0,0
2012,Antechamber Bay,1161,1,2,2,0
2012,Antechamber Bay,1162,1,2,2,0
2012,Antechamber Bay,1163,1,2,2,2
2012,Antechamber Bay,1164,1,2,1,
2013,Antechamber Bay,720,1,2,2,1
2013,Antechamber Bay,721,1,1,1,
2013,Antechamber Bay,722,1,2,2,2
2013,Antechamber Bay,723,1,2,2,2
2013,Antechamber Bay,724,1,2,1,1
2013,Antechamber Bay,725,1,2,,
2013,Antechamber Bay,779,1,2,1,
2013,Antechamber Bay,780,1,2,2,0
2013,Antechamber Bay,781,1,2,2,0
2013,Antechamber Bay,782,1,2,0,0
2013,Antechamber Bay,783,1,1,0,0
2013,Antechamber Bay,784,1,2,1,0
2013,Antechamber Bay,785,1,2,2,
2013,Antechamber Bay,786,1,1,0,0
2013,Antechamber Bay,787,1,1,0,0
2014,Antechamber Bay,718,1,2,2,2
2014,Antechamber Bay,719,1,2,2,1
2014,Antechamber Bay,722,1,2,2,2
2014,Antechamber Bay,726,1,2,2,2
2014,Antechamber Bay,727,1,1,,
2014,Antechamber Bay,728,1,2,2,2
2014,Antechamber Bay,729,1,2,1,0
2014,Antechamber Bay,730,1,2,0,0
2014,Antechamber Bay,731,1,1,0,0
2015,Antechamber Bay,718,1,2,0,0
2015,Antechamber Bay,718,1,2,2,
2015,Antechamber Bay,722,1,2,1,0
2015,Antechamber Bay,732,1,2,1,0
2015,Antechamber Bay,733,1,2,2,2
2016,Antechamber Bay,718,1,2,1,1
2016,Antechamber Bay,719,1,2,1,
2008,Brownlow,1658,1,2,2,2
2008,Brownlow,1659,1,1,1,0
2008,Brownlow,1660,1,2,1,1
2008,Brownlow,1661,1,1,0,0
2008,Brownlow,1662,1,2,2,1
2008,Brownlow,1663,1,1,1,0
2008,Brownlow,1664,1,1,1,0
2008,Brownlow,1665,1,2,2,2
2008,Brownlow,1665,2,2,2,2
2008,Brownlow,1666,1,1,1,0
2008,Brownlow,1667,1,2,2,1
2008,Brownlow,1668,1,2,2,2
2008,Brownlow,1669,1,2,2,2
2008,Brownlow,1670,1,2,2,1
2008,Brownlow,1671,1,2,2,2
2008,Brownlow,1672,1,2,2,1
2008,Brownlow,1672,2,2,2,2
2008,Brownlow,1673,1,2,2,1
2008,Brownlow,1673,2,2,2,2
2008,Brownlow,1674,1,2,2,0
2009,Brownlow,1660,2,1,1,0
2009,Brownlow,1660,1,1,1,1
2009,Brownlow,1662,1,1,1,0
2009,Brownlow,1663,1,2,2,2
2009,Brownlow,1664,1,1,1,0
2009,Brownlow,1665,1,2,1,1
2009,Brownlow,1666,1,2,1,0
2009,Brownlow,1667,1,2,1,1
2009,Brownlow,1668,1,2,2,2
2009,Brownlow,1671,1,2,2,2
2009,Brownlow,1673,1,2,2,0
2009,Brownlow,1675,1,2,1,1
2009,Brownlow,1676,1,2,1,1
2009,Brownlow,1658,1,2,2,2
2010,Brownlow,1658,1,2,2,2
2010,Brownlow,1658,2,2,2,2
2010,Brownlow,1662,2,2,1,0
2010,Brownlow,1662,1,2,1,1
2010,Brownlow,1665,1,2,2,2
2010,Brownlow,1668,1,2,2,1
2010,Brownlow,1671,1,2,2,2
2010,Brownlow,1672,1,2,2,0
2010,Brownlow,1672,2,2,1,1
2010,Brownlow,1674,1,2,2,2
2010,Brownlow,1675,1,1,1,1
2010,Brownlow,1677,1,2,2,0
2010,Brownlow,1678,1,2,2,1
2011,Brownlow,1658,1,2,2,2
2011,Brownlow,1662,1,1,1,1
2011,Brownlow,1663,1,1,1,1
2011,Brownlow,1665,1,1,1,1
2011,Brownlow,1667,1,1,1,0
2011,Brownlow,1667,2,2,2,2
2011,Brownlow,1668,1,1,0,0
2011,Brownlow,1673,1,2,2,2
2011,Brownlow,1674,1,2,2,2
2011,Brownlow,1675,1,2,2,2
2011,Brownlow,1677,1,1,1,0
2011,Brownlow,1679,1,2,2,2
2012,Brownlow,1662,1,1,1,0
2012,Brownlow,1663,1,2,2,0
2012,Brownlow,1663,2,2,2,0
2012,Brownlow,1665,1,1,1,1
2012,Brownlow,1666,1,1,1,0
2012,Brownlow,1678,1,2,2,2
2012,Brownlow,1679,1,2,2,2
2012,Brownlow,1680,1,1,1,0
2012,Emu Bay,1165,1,2,2,0
2012,Emu Bay,1165,2,2,2,
2012,Emu Bay,1166,1,2,0,0
2012,Emu Bay,1167,1,2,2,
2012,Emu Bay,1168,1,2,2,2
2012,Emu Bay,1169,1,2,2,2
2012,Emu Bay,1170,1,2,2,2
2012,Emu Bay,1171,1,2,2,
2012,Emu Bay,1172,1,2,0,0
2012,Emu Bay,1173,1,2,2,2
2012,Emu Bay,1174,1,2,2,0
2012,Emu Bay,1174,2,2,,
2012,Emu Bay,1175,1,2,0,0
2012,Emu Bay,1176,1,2,,
2012,Emu Bay,1177,1,2,1,
2012,Emu Bay,1178,1,2,2,
2012,Emu Bay,1179,1,2,2,2
2012,Emu Bay,1180,1,2,2,1
2012,Emu Bay,1181,1,2,2,
2012,Emu Bay,1182,1,2,1,0
2012,Emu Bay,1183,1,2,2,2
2012,Emu Bay,1184,1,2,2,0
2012,Emu Bay,1185,1,2,2,2
2012,Emu Bay,1186,1,2,2,0
2012,Emu Bay,1187,1,2,2,0
2012,Emu Bay,1188,1,2,0,0
2012,Emu Bay,1189,1,2,2,0
2012,Emu Bay,1189,2,2,,
2012,Emu Bay,1190,1,2,2,
2013,Emu Bay,734,1,2,1,
2013,Emu Bay,735,1,2,0,0
2013,Emu Bay,735,2,2,2,0
2013,Emu Bay,736,1,2,0,0
2013,Emu Bay,736,2,2,2,0
2013,Emu Bay,737,1,2,2,2
2013,Emu Bay,738,1,2,2,2
2013,Emu Bay,739,1,2,2,
2013,Emu Bay,740,1,2,2,2
2013,Emu Bay,740,2,2,,
2013,Emu Bay,741,1,1,1,1
2013,Emu Bay,742,1,2,1,
2013,Emu Bay,743,1,2,2,1
2013,Emu Bay,744,1,2,1,0
2013,Emu Bay,744,2,1,,
2013,Emu Bay,745,1,1,1,1
2013,Emu Bay,745,2,2,2,1
2013,Emu Bay,747,1,1,1,1
2013,Emu Bay,748,1,1,0,0
2013,Emu Bay,749,1,2,2,
2013,Emu Bay,750,1,2,2,2
2013,Emu Bay,751,1,2,2,0
2013,Emu Bay,752,1,2,,
2014,Emu Bay,735,1,2,2,2
2014,Emu Bay,738,2,2,0,0
2014,Emu Bay,738,1,2,2,2
2014,Emu Bay,740,1,2,2,0
2014,Emu Bay,740,2,2,1,1
2014,Emu Bay,743,1,2,1,0
2014,Emu Bay,744,1,2,0,0
2014,Emu Bay,745,1,2,1,0
2014,Emu Bay,745,2,2,2,2
2014,Emu Bay,753,1,2,0,0
2014,Emu Bay,753,2,2,,
2014,Emu Bay,754,1,2,0,0
2014,Emu Bay,755,1,2,1,0
2014,Emu Bay,756,1,2,0,0
2014,Emu Bay,757,1,2,1,0
2014,Emu Bay,758,1,2,1,0
2014,Emu Bay,759,1,2,1,1
2014,Emu Bay,760,1,2,0,0
2014,Emu Bay,761,1,2,0,0
2014,Emu Bay,762,1,2,2,2
2015,Emu Bay,735,1,2,0,0
2015,Emu Bay,744,1,2,2,
2015,Emu Bay,745,1,2,2,
2015,Emu Bay,755,1,2,2,1
2015,Emu Bay,758,1,2,1,
2015,Emu Bay,762,1,2,1,1
2015,Emu Bay,763,1,2,2,0
2015,Emu Bay,764,1,2,0,0
2015,Emu Bay,765,1,2,1,0
2015,Emu Bay,765,2,2,2,1
2015,Emu Bay,766,1,2,0,0
2015,Emu Bay,767,1,2,2,0
2015,Emu Bay,768,1,2,2,0
2015,Emu Bay,768,2,2,2,
2015,Emu Bay,769,1,2,1,1
2015,Emu Bay,770,1,2,2,0
2015,Emu Bay,771,1,2,0,0
2015,Emu Bay,772,1,2,2,0
2015,Emu Bay,773,1,2,2,
2015,Emu Bay,774,1,2,2,0
2015,Emu Bay,775,1,2,2,0
2015,Emu Bay,776,1,2,1,1
2016,Emu Bay,735,1,2,1,
2016,Emu Bay,737,1,2,,
2016,Emu Bay,745,1,2,2,2
2016,Emu Bay,755,1,2,2,0
2016,Emu Bay,758,1,2,2,2
2016,Emu Bay,759,1,2,2,2
2016,Emu Bay,763,1,2,2,
2016,Emu Bay,768,1,2,,
2016,Emu Bay,769,1,2,2,2
2016,Emu Bay,771,1,2,,
2016,Emu Bay,776,1,2,2,
2016,Emu Bay,777,1,2,2,2
2016,Emu Bay,778,1,2,,
1990,Granite Island,251,1,,1,0
1990,Granite Island,252,1,1,0,0
1990,Granite Island,252,2,1,0,0
1990,Granite Island,253,1,1,0,0
1990,Granite Island,253,2,1,0,0
1990,Granite Island,254,1,2,2,1
1990,Granite Island,255,1,,1,0
1990,Granite Island,256,1,2,0,0
1990,Granite Island,257,1,2,2,2
1990,Granite Island,258,1,2,2,0
1990,Granite Island,259,1,2,2,0
1990,Granite Island,260,1,1,0,0
1990,Granite Island,261,1,1,0,0
1990,Granite Island,262,1,2,2,2
1990,Granite Island,263,1,2,2,2
1990,Granite Island,264,1,,1,1
1990,Granite Island,265,1,2,2,2
1990,Granite Island,266,1,2,0,0
1990,Granite Island,267,1,,1,1
1990,Granite Island,268,1,,1,1
1990,Granite Island,269,1,2,2,0
1990,Granite Island,270,1,,2,2
1990,Granite Island,271,1,2,0,0
1990,Granite Island,272,1,2,2,2
1990,Granite Island,273,1,,0,0
1990,Granite Island,274,1,2,0,0
1990,Granite Island,275,1,2,2,2
1990,Granite Island,277,1,2,2,0
1990,Granite Island,278,1,,1,0
1990,Granite Island,279,1,2,0,0
1990,Granite Island,583,1,,1,0
1990,Granite Island,584,1,2,0,0
1990,Granite Island,585,1,,1,1
1990,Granite Island,586,1,2,0,0
1990,Granite Island,587,1,,1,0
1990,Granite Island,588,1,,1,1
1990,Granite Island,589,1,,1,1
1990,Granite Island,590,1,2,0,0
1990,Granite Island,591,1,2,0,0
1990,Granite Island,592,1,,1,0
1990,Granite Island,593,1,,1,0
1990,Granite Island,594,1,2,2,2
1990,Granite Island,595,1,2,0,0
1990,Granite Island,596,1,,1,1
1990,Granite Island,597,1,2,2,2
1990,Granite Island,598,1,2,1,1
1990,Granite Island,599,1,,1,1
1990,Granite Island,600,1,,1,1
1990,Granite Island,601,1,2,0,0
1990,Granite Island,602,1,2,2,2
1990,Granite Island,603,1,2,0,0
1990,Granite Island,604,1,,1,1
1990,Granite Island,605,1,,0,0
1990,Granite Island,606,1,1,0,0
1990,Granite Island,607,1,,1,1
1990,Granite Island,608,1,1,0,0
1990,Granite Island,609,1,1,0,0
1990,Granite Island,610,1,2,0,0
1990,Granite Island,611,1,2,0,0
1990,Granite Island,612,1,2,0,0
1990,Granite Island,613,1,2,0,0
1991,Granite Island,291,1,2,0,0
1991,Granite Island,291,2,2,2,0
1991,Granite Island,292,1,2,0,0
1991,Granite Island,293,1,2,1,0
1991,Granite Island,293,2,2,1,0
1991,Granite Island,294,1,1,1,0
1991,Granite Island,294,2,1,1,1
1991,Granite Island,295,1,2,1,0
1991,Granite Island,295,2,2,2,0
1991,Granite Island,296,1,1,1,0
1991,Granite Island,297,1,2,2,2
1991,Granite Island,298,1,2,1,0
1991,Granite Island,298,2,2,2,0
1991,Granite Island,299,1,2,2,0
1991,Granite Island,300,1,1,0,0
1991,Granite Island,301,1,1,0,0
1991,Granite Island,302,1,2,1,0
1991,Granite Island,302,2,2,2,0
1991,Granite Island,303,1,2,2,1
1991,Granite Island,304,1,1,0,0
1991,Granite Island,304,2,1,1,1
1991,Granite Island,305,1,1,1,0
1991,Granite Island,305,2,2,2,0
1991,Granite Island,306,1,1,0,0
1991,Granite Island,307,1,2,1,1
1991,Granite Island,308,1,2,2,0
1991,Granite Island,308,2,2,2,1
1991,Granite Island,309,1,2,2,0
1991,Granite Island,309,2,1,1,0
1991,Granite Island,309,3,1,1,0
1991,Granite Island,310,1,2,2,2
1991,Granite Island,311,1,1,0,0
1991,Granite Island,312,1,2,2,2
1991,Granite Island,313,1,2,0,0
1991,Granite Island,314,1,1,0,0
1991,Granite Island,315,1,2,2,2
1991,Granite Island,316,1,2,0,0
1991,Granite Island,316,2,2,2,0
1991,Granite Island,623,1,2,1,0
1991,Granite Island,624,1,2,0,0
1991,Granite Island,625,1,2,0,0
1991,Granite Island,626,1,2,0,0
1991,Granite Island,626,2,2,2,1
1991,Granite Island,627,1,2,1,0
1991,Granite Island,628,1,2,0,0
1991,Granite Island,628,2,2,2,0
1991,Granite Island,629,1,2,2,1
1991,Granite Island,630,1,2,0,0
1991,Granite Island,631,1,2,0,0
1991,Granite Island,632,1,2,0,0
1991,Granite Island,633,1,2,0,0
1991,Granite Island,634,1,2,2,0
1991,Granite Island,635,1,2,2,0
1991,Granite Island,636,1,2,2,1
1991,Granite Island,637,1,2,2,1
1991,Granite Island,638,1,2,0,0
1991,Granite Island,639,1,2,0,0
1991,Granite Island,639,1,2,1,1
1991,Granite Island,640,1,2,1,1
1991,Granite Island,641,1,2,0,0
1991,Granite Island,641,2,2,0,0
1991,Granite Island,642,1,2,2,1
1991,Granite Island,643,1,1,0,0
1991,Granite Island,644,1,1,0,0
1991,Granite Island,645,1,2,0,0
1991,Granite Island,646,1,1,0,0
1991,Granite Island,646,2,1,0,0
1991,Granite Island,647,1,2,2,1
1991,Granite Island,648,1,2,0,0
1991,Granite Island,648,2,1,0,0
1991,Granite Island,649,1,2,0,0
1991,Granite Island,649,2,2,2,0
1991,Granite Island,650,1,2,0,0
1991,Granite Island,650,2,2,2,0
1991,Granite Island,651,1,2,2,0
1991,Granite Island,652,1,2,0,0
1991,Granite Island,652,2,2,0,0
1991,Granite Island,653,1,1,0,0
1991,Granite Island,653,2,2,0,0
1991,Granite Island,654,1,2,1,0
1991,Granite Island,654,2,2,0,0
1991,Granite Island,655,1,2,1,0
1991,Granite Island,655,2,2,2,0
1991,Granite Island,656,1,2,1,0
1991,Granite Island,841,1,1,0,0
1991,Granite Island,842,1,1,0,0
1991,Granite Island,843,1,2,2,0
1991,Granite Island,844,1,2,2,2
1991,Granite Island,845,1,1,0,0
1991,Granite Island,846,1,2,2,0
1991,Granite Island,847,1,1,0,0
1991,Granite Island,848,1,1,1,1
1991,Granite Island,849,1,2,2,2
1991,Granite Island,850,1,1,0,0
1991,Granite Island,851,1,1,0,0
1991,Granite Island,852,1,1,1,1
1991,Granite Island,853,1,2,2,2
1991,Granite Island,854,1,1,0,0
1991,Granite Island,855,1,1,1,1
1991,Granite Island,856,1,1,0,0
1991,Granite Island,857,1,1,0,0
1991,Granite Island,858,1,1,0,0
1991,Granite Island,859,1,1,0,0
1991,Granite Island,860,1,2,2,1
1991,Granite Island,861,1,2,2,2
1991,Granite Island,862,1,2,2,2
1991,Granite Island,863,1,2,2,1
1991,Granite Island,864,1,1,0,0
1991,Granite Island,865,1,2,0,0
1991,Granite Island,865,2,2,2,1
1991,Granite Island,866,2,1,0,0
1991,Granite Island,866,1,2,2,1
1991,Granite Island,867,2,1,0,0
1991,Granite Island,867,1,2,2,1
1995,Granite Island,331,1,2,2,1
1995,Granite Island,331,2,2,2,2
1995,Granite Island,332,2,1,1,0
1995,Granite Island,332,1,1,1,1
1995,Granite Island,333,1,2,2,1
1995,Granite Island,333,2,2,2,2
1995,Granite Island,334,1,2,2,1
1995,Granite Island,335,1,1,0,0
1995,Granite Island,336,1,1,1,1
1995,Granite Island,337,1,1,1,0
1995,Granite Island,337,2,1,1,0
1995,Granite Island,338,1,1,1,0
1995,Granite Island,338,2,1,1,0
1995,Granite Island,339,1,2,2,1
1995,Granite Island,340,1,2,2,0
1995,Granite Island,340,2,1,0,0
1995,Granite Island,341,1,2,2,2
1995,Granite Island,341,2,2,2,2
1995,Granite Island,342,1,2,2,0
1995,Granite Island,342,2,2,2,0
1995,Granite Island,343,1,2,2,0
1995,Granite Island,344,2,2,0,0
1995,Granite Island,344,1,2,2,2
1995,Granite Island,345,1,2,1,0
1995,Granite Island,345,2,1,0,0
1995,Granite Island,346,2,2,0,0
1995,Granite Island,346,1,2,1,1
1995,Granite Island,347,1,2,2,1
1995,Granite Island,347,2,1,1,1
1995,Granite Island,663,1,2,1,1
1995,Granite Island,663,1,2,1,1
1995,Granite Island,664,1,2,2,0
1995,Granite Island,665,1,1,1,1
1995,Granite Island,665,2,1,1,1
1995,Granite Island,666,1,2,2,1
1995,Granite Island,667,1,2,2,0
1995,Granite Island,668,1,2,1,1
1995,Granite Island,669,1,2,2,1
1995,Granite Island,670,1,2,2,1
1995,Granite Island,671,1,1,1,0
1995,Granite Island,671,2,1,1,0
1995,Granite Island,672,1,2,2,0
1995,Granite Island,672,2,1,0,0
1995,Granite Island,673,1,2,2,2
1995,Granite Island,674,1,2,2,1
1995,Granite Island,675,1,2,2,0
1995,Granite Island,676,1,2,1,1
1995,Granite Island,676,2,2,1,1
1995,Granite Island,677,1,2,1,1
1995,Granite Island,678,1,2,1,2
1995,Granite Island,679,1,2,1,1
1995,Granite Island,679,1,1,1,1
1995,Granite Island,680,1,2,0,0
1995,Granite Island,681,1,1,0,0
1995,Granite Island,681,2,1,0,0
1995,Granite Island,690,1,1,0,0
1995,Granite Island,690,2,1,0,0
1995,Granite Island,691,1,2,0,0
1995,Granite Island,692,1,2,0,0
1995,Granite Island,693,1,2,0,0
1996,Granite Island,358,2,2,1,0
1996,Granite Island,358,3,1,0,0
1996,Granite Island,358,1,2,1,2
1996,Granite Island,359,1,1,0,0
1996,Granite Island,359,2,2,0,0
1996,Granite Island,359,3,2,2,0
1996,Granite Island,360,1,1,0,0
1996,Granite Island,360,2,1,0,0
1996,Granite Island,361,1,1,1,1
1996,Granite Island,361,2,1,1,1
1996,Granite Island,362,1,2,2,0
1996,Granite Island,362,2,2,2,0
1996,Granite Island,363,1,2,2,0
1996,Granite Island,363,2,2,2,2
1996,Granite Island,364,1,1,0,0
1996,Granite Island,364,2,1,0,0
1996,Granite Island,364,3,2,2,1
1996,Granite Island,365,1,1,0,0
1996,Granite Island,365,3,2,2,0
1996,Granite Island,365,2,2,2,1
1996,Granite Island,366,1,2,2,0
1996,Granite Island,366,2,2,2,0
1996,Granite Island,367,2,2,2,0
1996,Granite Island,367,1,2,2,2
1996,Granite Island,368,2,2,1,0
1996,Granite Island,368,1,2,1,1
1996,Granite Island,369,2,1,0,0
1996,Granite Island,369,3,1,0,0
1996,Granite Island,369,1,2,2,2
1996,Granite Island,370,1,2,2,0
1996,Granite Island,370,3,2,0,0
1996,Granite Island,371,3,2,2,0
1996,Granite Island,371,1,2,2,2
1996,Granite Island,371,2,2,2,1
1996,Granite Island,372,1,1,0,0
1996,Granite Island,372,2,2,0,0
1996,Granite Island,372,3,1,0,0
1996,Granite Island,373,1,2,0,0
1996,Granite Island,373,2,2,1,0
1996,Granite Island,373,3,2,1,0
1996,Granite Island,374,1,1,0,0
1996,Granite Island,374,2,1,0,0
1996,Granite Island,375,1,1,0,0
1996,Granite Island,375,2,1,0,0
1996,Granite Island,376,2,1,0,0
1996,Granite Island,376,1,1,1,1
1996,Granite Island,377,1,2,1,1
1996,Granite Island,377,2,2,1,1
1996,Granite Island,694,1,2,1,0
1996,Granite Island,694,2,2,0,0
1996,Granite Island,695,2,2,0,0
1996,Granite Island,695,1,1,1,1
1996,Granite Island,695,3,2,2,2
1996,Granite Island,696,1,2,0,0
1996,Granite Island,696,2,2,0,0
1996,Granite Island,697,1,1,1,0
1996,Granite Island,697,2,2,0,0
1996,Granite Island,697,3,2,2,0
1996,Granite Island,698,1,2,0,0
1996,Granite Island,698,2,2,1,0
1996,Granite Island,699,1,1,0,0
1996,Granite Island,699,2,2,1,0
1996,Granite Island,699,3,2,0,0
1996,Granite Island,700,1,1,0,0
1996,Granite Island,700,2,2,2,2
1996,Granite Island,700,3,2,1,1
1996,Granite Island,702,1,1,1,0
1996,Granite Island,702,3,2,0,0
1996,Granite Island,702,2,2,1,1
1996,Granite Island,704,2,2,0,0
1996,Granite Island,704,3,2,1,0
1996,Granite Island,704,1,1,1,1
1996,Granite Island,705,1,1,0,0
1996,Granite Island,705,2,2,1,0
1996,Granite Island,705,3,2,2,2
1996,Granite Island,706,1,2,0,0
1996,Granite Island,706,2,2,0,0
1996,Granite Island,706,3,2,2,0
1996,Granite Island,707,1,2,0,0
1996,Granite Island,707,2,2,2,2
1996,Granite Island,707,3,2,2,1
1996,Granite Island,708,1,2,1,0
1996,Granite Island,708,3,2,0,0
1996,Granite Island,708,2,1,2,1
1996,Granite Island,709,1,1,1,0
1996,Granite Island,709,3,1,1,0
1996,Granite Island,709,2,1,1,1
1996,Granite Island,714,1,1,2,0
1996,Granite Island,714,2,1,2,0
1996,Granite Island,714,3,1,2,0
1996,Granite Island,715,1,1,1,0
1996,Granite Island,715,2,1,0,0
1996,Granite Island,715,3,1,1,1
1996,Granite Island,716,3,1,0,0
1996,Granite Island,716,1,1,1,1
1996,Granite Island,716,2,1,1,1
1996,Granite Island,717,1,2,0,0
1996,Granite Island,717,2,2,0,0
1996,Granite Island,868,1,2,0,0
1996,Granite Island,869,1,2,0,0
1996,Granite Island,870,1,2,0,0
1996,Granite Island,871,1,2,2,0
1996,Granite Island,871,2,2,2,0
1996,Granite Island,872,1,2,1,0
1996,Granite Island,873,1,2,2,0
1996,Granite Island,874,1,2,0,0
1996,Granite Island,874,3,2,2,0
1996,Granite Island,874,2,1,1,1
1996,Granite Island,875,1,2,1,1
1996,Granite Island,876,1,2,2,0
1996,Granite Island,877,1,2,2,0
1996,Granite Island,878,1,2,1,1
1996,Granite Island,879,1,1,2,2
1996,Granite Island,880,1,2,0,0
1996,Granite Island,880,2,2,1,0
1996,Granite Island,881,1,2,0,0
1996,Granite Island,882,1,2,0,0
1996,Granite Island,883,1,2,1,1
1996,Granite Island,884,1,2,2,0
1996,Granite Island,885,2,2,0,0
1996,Granite Island,885,1,2,2,2
1996,Granite Island,886,1,2,1,0
1996,Granite Island,887,1,2,0,0
1996,Granite Island,888,1,2,1,1
1996,Granite Island,889,1,2,2,0
1996,Granite Island,889,2,2,1,1
1996,Granite Island,890,1,2,0,0
1996,Granite Island,890,2,2,2,0
1996,Granite Island,891,1,2,0,0
1996,Granite Island,892,1,1,2,2
1996,Granite Island,893,1,2,0,0
1996,Granite Island,894,1,2,2,2
1996,Granite Island,895,1,2,0,0
1996,Granite Island,896,1,1,1,0
1996,Granite Island,896,2,2,2,0
1996,Granite Island,897,1,2,2,0
1996,Granite Island,897,2,2,2,0
1996,Granite Island,898,1,2,2,2
1996,Granite Island,899,1,2,0,0
1996,Granite Island,899,2,2,1,1
1996,Granite Island,900,1,2,0,0
1996,Granite Island,901,2,2,2,0
1996,Granite Island,901,1,2,2,2
1998,Granite Island,1,1,2,2,2
1998,Granite Island,2,1,2,1,1
1998,Granite Island,3,1,2,1,1
1998,Granite Island,4,1,1,0,0
1998,Granite Island,5,1,2,2,2
1998,Granite Island,6,1,2,2,0
1998,Granite Island,7,1,3,3,3
1998,Granite Island,8,1,2,2,2
1998,Granite Island,9,1,2,2,2
1998,Granite Island,10,1,2,1,0
1998,Granite Island,11,1,2,2,2
1998,Granite Island,12,1,2,2,2
1998,Granite Island,13,1,2,2,1
1998,Granite Island,16,1,1,1,0
1998,Granite Island,17,1,1,1,1
1998,Granite Island,18,1,2,2,1
1998,Granite Island,19,1,2,2,1
1998,Granite Island,20,1,2,2,2
1998,Granite Island,378,1,2,2,1
1998,Granite Island,379,1,2,2,2
1998,Granite Island,380,1,2,2,1
1998,Granite Island,381,1,1,1,1
1998,Granite Island,382,1,2,2,2
1998,Granite Island,383,1,2,2,2
1998,Granite Island,384,1,1,1,0
1998,Granite Island,385,1,2,2,0
1998,Granite Island,386,1,1,1,1
1998,Granite Island,387,1,2,2,2
1998,Granite Island,388,1,2,1,0
1998,Granite Island,390,1,1,1,1
1998,Granite Island,391,1,2,2,2
1998,Granite Island,392,1,1,1,1
1998,Granite Island,393,1,1,1,1
1998,Granite Island,394,1,2,2,2
1998,Granite Island,396,1,2,2,0
1998,Granite Island,397,1,2,2,1
1999,Granite Island,21,1,2,2,1
1999,Granite Island,22,1,2,2,2
1999,Granite Island,23,1,2,2,0
1999,Granite Island,23,2,2,0,0
1999,Granite Island,24,2,2,0,0
1999,Granite Island,24,1,1,1,1
1999,Granite Island,25,1,2,2,2
1999,Granite Island,26,1,2,0,0
1999,Granite Island,27,1,2,2,2
1999,Granite Island,30,2,2,2,0
1999,Granite Island,30,1,2,2,1
1999,Granite Island,32,1,2,2,2
1999,Granite Island,33,1,2,2,1
1999,Granite Island,35,1,2,2,2
1999,Granite Island,35,2,2,2,2
1999,Granite Island,36,2,2,0,0
1999,Granite Island,36,1,2,2,2
1999,Granite Island,38,2,2,0,0
1999,Granite Island,38,1,2,2,2
1999,Granite Island,39,1,2,0,0
1999,Granite Island,40,1,1,1,1
1999,Granite Island,398,1,2,0,0
1999,Granite Island,399,1,2,2,0
1999,Granite Island,400,1,2,0,0
1999,Granite Island,401,1,2,0,0
1999,Granite Island,402,1,2,0,0
1999,Granite Island,403,1,2,2,1
1999,Granite Island,404,1,2,2,1
1999,Granite Island,405,1,2,0,0
1999,Granite Island,405,1,1,1,1
1999,Granite Island,406,1,2,0,0
1999,Granite Island,407,1,2,2,2
1999,Granite Island,408,1,2,2,2
1999,Granite Island,409,1,2,2,0
1999,Granite Island,410,1,2,1,0
1999,Granite Island,410,1,1,1,1
1999,Granite Island,411,1,2,2,0
1999,Granite Island,412,2,2,1,0
1999,Granite Island,412,1,1,1,1
1999,Granite Island,413,1,2,2,2
1999,Granite Island,413,2,2,2,2
1999,Granite Island,414,1,1,1,0
1999,Granite Island,414,2,2,2,0
1999,Granite Island,415,1,2,0,0
1999,Granite Island,416,1,2,2,0
1999,Granite Island,416,2,2,2,0
1999,Granite Island,417,1,2,2,0
2001,Granite Island,41,1,2,0,0
2001,Granite Island,42,1,2,0,0
2001,Granite Island,43,1,2,2,0
2001,Granite Island,44,1,2,1,0
2001,Granite Island,44,2,2,0,0
2001,Granite Island,45,1,1,0,0
2001,Granite Island,47,1,2,2,0
2001,Granite Island,48,1,2,2,0
2001,Granite Island,48,2,2,0,0
2001,Granite Island,50,1,2,0,0
2001,Granite Island,51,1,2,0,0
2001,Granite Island,51,2,2,1,0
2001,Granite Island,52,1,2,2,0
2001,Granite Island,52,2,2,0,0
2001,Granite Island,53,1,2,2,1
2001,Granite Island,54,1,2,2,0
2001,Granite Island,55,1,2,2,0
2001,Granite Island,56,1,2,0,0
2001,Granite Island,57,1,2,2,0
2001,Granite Island,58,1,2,1,0
2001,Granite Island,59,1,2,0,0
2001,Granite Island,60,2,2,0,0
2001,Granite Island,60,1,2,1,1
2001,Granite Island,418,1,2,2,1
2001,Granite Island,419,1,2,2,0
2001,Granite Island,420,1,2,1,1
2001,Granite Island,422,2,1,0,0
2001,Granite Island,422,1,2,2,2
2001,Granite Island,426,1,2,2,0
2001,Granite Island,427,1,2,1,0
2001,Granite Island,428,1,1,1,0
2001,Granite Island,428,2,2,0,0
2001,Granite Island,429,1,2,1,0
2001,Granite Island,432,1,1,1,0
2001,Granite Island,433,1,2,1,0
2001,Granite Island,433,2,1,0,0
2001,Granite Island,434,1,2,2,0
2001,Granite Island,435,1,2,2,0
2001,Granite Island,437,1,1,1,1
2002,Granite Island,61,1,2,0,0
2002,Granite Island,63,2,2,2,0
2002,Granite Island,63,1,2,2,2
2002,Granite Island,64,2,2,1,0
2002,Granite Island,64,1,2,1,1
2002,Granite Island,65,2,2,2,0
2002,Granite Island,65,3,2,0,0
2002,Granite Island,65,1,2,1,1
2002,Granite Island,67,1,2,1,0
2002,Granite Island,68,1,2,2,1
2002,Granite Island,69,1,2,2,2
2002,Granite Island,70,1,2,2,1
2002,Granite Island,71,1,2,1,0
2002,Granite Island,71,2,2,2,2
2002,Granite Island,72,1,2,2,1
2002,Granite Island,74,1,2,2,2
2002,Granite Island,74,2,2,2,1
2002,Granite Island,75,1,2,2,0
2002,Granite Island,75,2,2,1,0
2002,Granite Island,75,3,2,0,0
2002,Granite Island,76,2,2,0,0
2002,Granite Island,76,1,2,2,2
2002,Granite Island,78,1,2,2,1
2002,Granite Island,79,1,2,0,0
2002,Granite Island,79,2,2,0,0
2002,Granite Island,79,3,2,2,0
2002,Granite Island,80,1,2,0,0
2002,Granite Island,438,2,2,0,0
2002,Granite Island,438,1,2,2,2
2002,Granite Island,439,1,2,1,0
2002,Granite Island,439,2,2,0,0
2002,Granite Island,440,2,2,2,0
2002,Granite Island,440,1,2,2,1
2002,Granite Island,441,1,2,2,0
2002,Granite Island,441,2,2,0,0
2002,Granite Island,441,3,2,0,0
2002,Granite Island,442,1,2,1,0
2002,Granite Island,444,1,1,1,1
2002,Granite Island,445,2,2,2,0
2002,Granite Island,445,1,2,2,2
2002,Granite Island,446,1,2,0,0
2002,Granite Island,446,2,2,0,0
2002,Granite Island,447,1,2,0,0
2002,Granite Island,448,1,2,0,0
2002,Granite Island,449,1,2,2,0
2002,Granite Island,450,1,2,2,0
2002,Granite Island,451,1,2,2,2
2002,Granite Island,453,1,2,0,0
2002,Granite Island,454,1,2,0,0
2002,Granite Island,455,1,1,0,0
2002,Granite Island,456,1,2,2,2
2002,Granite Island,457,1,2,0,0
2002,Granite Island,457,2,2,2,0
2003,Granite Island,81,1,2,2,2
2003,Granite Island,82,2,2,1,0
2003,Granite Island,82,1,2,2,1
2003,Granite Island,83,1,2,1,0
2003,Granite Island,84,1,2,2,0
2003,Granite Island,85,2,2,1,0
2003,Granite Island,85,1,2,2,1
2003,Granite Island,86,1,2,2,1
2003,Granite Island,88,1,2,2,1
2003,Granite Island,90,1,2,2,1
2003,Granite Island,92,1,2,1,1
2003,Granite Island,93,1,2,2,1
2003,Granite Island,94,1,2,0,0
2003,Granite Island,94,2,2,2,0
2003,Granite Island,96,1,2,0,0
2003,Granite Island,96,2,2,2,0
2003,Granite Island,97,1,2,2,0
2003,Granite Island,97,2,2,1,0
2003,Granite Island,98,1,2,2,0
2003,Granite Island,98,2,2,0,0
2003,Granite Island,99,1,2,0,0
2003,Granite Island,99,2,2,2,0
2003,Granite Island,99,3,2,0,0
2003,Granite Island,100,1,2,2,0
2003,Granite Island,458,1,2,2,2
2003,Granite Island,459,1,2,2,1
2003,Granite Island,460,1,2,2,0
2003,Granite Island,461,2,2,0,0
2003,Granite Island,461,1,2,2,2
2003,Granite Island,463,1,2,0,0
2003,Granite Island,464,2,2,0,0
2003,Granite Island,464,1,2,2,1
2003,Granite Island,466,1,2,2,0
2003,Granite Island,466,2,1,0,0
2003,Granite Island,468,1,2,2,0
2003,Granite Island,469,1,1,0,0
2003,Granite Island,470,1,2,2,1
2003,Granite Island,471,1,2,2,2
2003,Granite Island,472,2,2,1,0
2003,Granite Island,472,1,2,2,1
2003,Granite Island,473,1,2,2,0
2003,Granite Island,474,1,2,2,2
2003,Granite Island,475,1,2,2,0
2003,Granite Island,475,2,2,0,0
2003,Granite Island,476,1,2,2,0
2003,Granite Island,476,2,2,0,0
2003,Granite Island,476,3,2,1,0
2004,Granite Island,101,1,2,2,0
2004,Granite Island,102,1,2,2,0
2004,Granite Island,102,2,1,0,0
2004,Granite Island,103,1,2,2,1
2004,Granite Island,104,1,2,2,0
2004,Granite Island,105,2,2,2,0
2004,Granite Island,105,1,2,2,1
2004,Granite Island,106,1,2,0,0
2004,Granite Island,107,2,2,2,0
2004,Granite Island,107,1,2,2,1
2004,Granite Island,110,1,2,2,1
2004,Granite Island,114,1,2,2,0
2004,Granite Island,115,1,2,2,2
2004,Granite Island,115,2,2,2,2
2004,Granite Island,116,1,2,0,0
2004,Granite Island,116,2,2,0,0
2004,Granite Island,117,1,2,2,1
2004,Granite Island,117,2,2,2,1
2004,Granite Island,118,1,2,0,0
2004,Granite Island,118,2,2,0,0
2004,Granite Island,120,1,2,2,0
2004,Granite Island,120,2,2,2,0
2004,Granite Island,121,1,2,2,0
2004,Granite Island,121,2,2,0,0
2004,Granite Island,122,1,2,1,0
2004,Granite Island,122,2,2,0,0
2004,Granite Island,477,1,2,0,0
2004,Granite Island,478,1,1,0,0
2004,Granite Island,478,2,2,2,2
2004,Granite Island,479,1,2,1,0
2004,Granite Island,480,1,2,2,2
2004,Granite Island,483,1,2,2,2
2004,Granite Island,484,1,2,2,2
2004,Granite Island,486,1,2,2,0
2004,Granite Island,486,2,2,2,1
2004,Granite Island,487,1,1,1,1
2004,Granite Island,488,1,2,2,2
2004,Granite Island,489,1,2,1,1
2004,Granite Island,490,1,2,2,0
2004,Granite Island,491,1,2,0,0
2004,Granite Island,491,2,2,0,0
2004,Granite Island,492,1,2,2,2
2004,Granite Island,493,1,2,2,1
2004,Granite Island,493,2,2,1,1
2004,Granite Island,494,1,2,0,0
2004,Granite Island,494,2,2,2,2
2004,Granite Island,495,1,1,1,0
2004,Granite Island,495,2,2,2,2
2004,Granite Island,496,1,2,2,1
2004,Granite Island,497,1,2,2,1
2004,Granite Island,497,2,2,2,1
2004,Granite Island,499,1,2,2,0
2005,Granite Island,125,1,2,1,0
2005,Granite Island,125,2,2,2,0
2005,Granite Island,126,1,2,2,2
2005,Granite Island,126,2,2,2,2
2005,Granite Island,127,1,2,2,2
2005,Granite Island,127,2,2,2,2
2005,Granite Island,129,2,2,2,0
2005,Granite Island,129,1,2,2,2
2005,Granite Island,131,1,2,2,0
2005,Granite Island,131,2,2,2,0
2005,Granite Island,132,1,2,2,0
2005,Granite Island,132,2,2,2,0
2005,Granite Island,136,1,2,2,1
2005,Granite Island,138,1,2,2,1
2005,Granite Island,138,2,2,2,1
2005,Granite Island,139,2,2,0,0
2005,Granite Island,139,1,2,2,2
2005,Granite Island,141,1,2,0,0
2005,Granite Island,142,1,2,0,0
2005,Granite Island,143,1,2,2,0
2005,Granite Island,144,1,2,0,0
2005,Granite Island,144,2,2,2,0
2005,Granite Island,145,1,2,2,0
2005,Granite Island,148,1,2,1,1
2005,Granite Island,149,1,2,0,0
2005,Granite Island,150,1,2,2,2
2005,Granite Island,500,1,2,0,0
2005,Granite Island,500,2,2,0,0
2005,Granite Island,501,1,2,2,1
2005,Granite Island,502,1,2,2,1
2005,Granite Island,503,1,2,2,1
2005,Granite Island,508,1,2,0,0
2005,Granite Island,513,1,1,1,1
2005,Granite Island,515,2,2,2,0
2005,Granite Island,515,1,2,2,2
2005,Granite Island,516,1,1,1,0
2005,Granite Island,518,1,2,1,0
2005,Granite Island,518,2,2,2,0
2005,Granite Island,519,1,2,2,2
2005,Granite Island,520,1,1,0,0
2005,Granite Island,521,1,2,2,0
2005,Granite Island,521,2,2,2,1
2006,Granite Island,151,1,2,1,0
2006,Granite Island,151,2,2,2,2
2006,Granite Island,153,1,2,1,0
2006,Granite Island,154,1,2,2,2
2006,Granite Island,154,2,2,2,2
2006,Granite Island,155,1,2,2,2
2006,Granite Island,156,1,2,2,1
2006,Granite Island,159,1,2,2,2
2006,Granite Island,162,1,2,2,0
2006,Granite Island,162,2,2,0,0
2006,Granite Island,163,1,2,2,0
2006,Granite Island,163,1,2,2,0
2006,Granite Island,164,1,2,1,0
2006,Granite Island,165,1,2,2,0
2006,Granite Island,166,1,2,2,1
2006,Granite Island,167,1,2,2,0
2006,Granite Island,167,2,2,2,0
2006,Granite Island,168,1,2,0,0
2006,Granite Island,169,1,2,2,2
2006,Granite Island,170,1,2,0,0
2006,Granite Island,171,1,2,2,0
2006,Granite Island,171,2,2,0,0
2006,Granite Island,172,1,2,0,0
2006,Granite Island,523,1,2,0,0
2006,Granite Island,523,2,2,0,0
2006,Granite Island,524,1,2,1,0
2006,Granite Island,526,1,1,1,0
2006,Granite Island,526,2,2,2,0
2006,Granite Island,527,1,2,2,1
2006,Granite Island,528,1,2,2,1
2006,Granite Island,530,1,2,2,2
2006,Granite Island,533,1,2,2,1
2006,Granite Island,535,1,2,2,0
2006,Granite Island,537,1,2,2,1
2006,Granite Island,538,1,2,2,0
2006,Granite Island,538,2,2,0,0
2006,Granite Island,539,1,2,0,0
2006,Granite Island,540,1,2,0,0
2006,Granite Island,544,1,2,2,0
2006,Granite Island,545,1,2,2,1
2006,Granite Island,546,1,2,2,0
2006,Granite Island,546,2,2,2,0
2006,Granite Island,547,1,2,0,0
2006,Granite Island,548,1,2,2,0
2006,Granite Island,550,1,2,2,0
2006,Granite Island,788,1,2,2,0
2006,Granite Island,788,2,2,2,0
2006,Granite Island,789,1,2,2,1
2006,Granite Island,790,1,2,2,1
2006,Granite Island,791,1,2,2,1
2006,Granite Island,792,1,2,1,1
2006,Granite Island,793,1,2,2,0
2006,Granite Island,793,2,2,2,2
2006,Granite Island,794,1,2,0,0
2006,Granite Island,794,2,2,2,2
2006,Granite Island,795,1,2,2,2
2006,Granite Island,796,1,2,2,0
2006,Granite Island,797,1,2,2,0
2006,Granite Island,798,1,2,2,0
2006,Granite Island,799,1,2,2,0
2006,Granite Island,800,1,2,2,1
2006,Granite Island,801,1,2,2,1
2006,Granite Island,801,2,2,1,1
2006,Granite Island,802,1,2,2,0
2008,Granite Island,176,2,2,0,0
2008,Granite Island,176,1,2,2,2
2008,Granite Island,177,1,2,2,0
2008,Granite Island,177,2,2,2,1
2008,Granite Island,179,1,2,2,0
2008,Granite Island,180,1,2,2,2
2008,Granite Island,181,2,2,2,0
2008,Granite Island,181,1,2,2,2
2008,Granite Island,182,1,2,2,2
2008,Granite Island,183,1,2,2,2
2008,Granite Island,184,1,2,2,2
2008,Granite Island,185,1,2,2,2
2008,Granite Island,186,1,2,2,2
2008,Granite Island,187,1,2,2,0
2008,Granite Island,188,1,2,2,2
2008,Granite Island,192,1,2,2,2
2008,Granite Island,193,1,2,2,2
2008,Granite Island,194,1,2,0,0
2008,Granite Island,196,1,1,1,1
2008,Granite Island,197,1,2,2,2
2008,Granite Island,197,2,2,2,2
2008,Granite Island,198,1,2,2,1
2008,Granite Island,199,1,2,0,0
2008,Granite Island,200,1,1,0,0
2008,Granite Island,551,2,2,2,0
2008,Granite Island,551,1,2,2,2
2008,Granite Island,552,1,2,2,0
2008,Granite Island,552,2,2,2,0
2008,Granite Island,553,1,2,2,2
2008,Granite Island,554,1,2,1,0
2008,Granite Island,555,1,2,0,0
2008,Granite Island,556,1,2,2,2
2008,Granite Island,557,1,2,2,2
2008,Granite Island,558,1,2,2,2
2008,Granite Island,558,2,2,2,2
2008,Granite Island,559,2,2,2,0
2008,Granite Island,559,1,2,2,2
2008,Granite Island,560,1,2,2,1
2008,Granite Island,561,1,2,0,0
2008,Granite Island,561,1,2,2,2
2008,Granite Island,563,1,2,2,2
2008,Granite Island,564,1,1,1,1
2008,Granite Island,565,1,2,0,0
2008,Granite Island,566,1,2,2,2
2008,Granite Island,567,1,2,2,2
2008,Granite Island,568,1,2,2,2
2008,Granite Island,569,1,1,0,0
2008,Granite Island,803,1,2,2,2
2008,Granite Island,804,1,2,2,2
2008,Granite Island,805,1,2,2,2
2008,Granite Island,806,1,2,2,1
2008,Granite Island,807,1,2,2,2
2008,Granite Island,807,2,2,2,2
2008,Granite Island,808,1,2,2,2
2008,Granite Island,809,1,2,2,2
2008,Granite Island,810,1,2,2,2
2008,Granite Island,810,2,2,2,2
2008,Granite Island,811,1,2,2,2
2008,Granite Island,812,1,2,2,2
2008,Granite Island,812,2,2,2,2
2008,Granite Island,813,1,2,2,2
2008,Granite Island,814,1,2,0,0
2008,Granite Island,815,1,2,0,0
2008,Granite Island,816,1,2,0,0
2008,Granite Island,817,1,2,2,0
2008,Granite Island,818,1,1,1,0
2008,Granite Island,819,1,2,0,0
2008,Granite Island,820,1,2,0,0
2008,Granite Island,821,1,2,2,0
2010,Granite Island,201,1,2,2,0
2010,Granite Island,201,2,2,2,2
2010,Granite Island,202,1,2,2,2
2010,Granite Island,203,1,2,0,0
2010,Granite Island,204,1,2,2,2
2010,Granite Island,205,1,2,2,2
2010,Granite Island,206,1,2,0,0
2010,Granite Island,208,1,2,0,0
2010,Granite Island,208,2,2,0,0
2010,Granite Island,209,1,2,0,0
2010,Granite Island,210,1,2,2,0
2010,Granite Island,211,1,2,2,2
2010,Granite Island,214,1,2,2,0
2010,Granite Island,215,1,2,2,2
2010,Granite Island,216,1,2,2,2
2010,Granite Island,219,2,2,0,0
2010,Granite Island,219,1,2,2,2
2010,Granite Island,571,1,2,0,0
2010,Granite Island,571,2,2,2,2
2010,Granite Island,572,1,2,1,1
2010,Granite Island,572,2,2,1,1
2010,Granite Island,573,1,2,2,1
2010,Granite Island,574,1,2,2,0
2010,Granite Island,822,1,2,2,1
2010,Granite Island,823,1,2,2,1
2010,Granite Island,824,1,2,2,2
2010,Granite Island,825,1,2,2,2
2010,Granite Island,826,1,2,2,2
2010,Granite Island,827,1,2,0,0
2010,Granite Island,828,1,2,2,0
2011,Granite Island,220,1,2,2,2
2011,Granite Island,221,1,2,2,2
2011,Granite Island,222,1,2,0,0
2011,Granite Island,224,1,2,2,2
2011,Granite Island,225,1,2,0,0
2011,Granite Island,227,1,1,1,0
2011,Granite Island,228,1,2,2,2
2011,Granite Island,229,1,2,2,2
2011,Granite Island,230,1,2,2,2
2011,Granite Island,233,1,2,0,0
2011,Granite Island,236,1,2,2,2
2011,Granite Island,238,1,2,0,0
2011,Granite Island,238,1,2,0,0
2011,Granite Island,240,1,2,0,0
2011,Granite Island,575,1,2,2,2
2011,Granite Island,575,2,2,2,2
2011,Granite Island,829,2,2,2,0
2011,Granite Island,829,1,2,2,2
2011,Granite Island,830,1,2,2,2
2012,Granite Island,241,1,2,2,2
2012,Granite Island,242,1,2,2,0
2012,Granite Island,243,1,2,2,0
2012,Granite Island,244,1,2,2,0
2012,Granite Island,245,1,2,2,2
2012,Granite Island,579,1,2,2,2
2012,Granite Island,831,1,2,2,0
2012,Granite Island,832,1,2,2,2
2013,Granite Island,833,1,2,0,0
2013,Granite Island,833,2,1,0,0
2013,Granite Island,834,1,2,2,2
2013,Granite Island,835,1,2,2,2
2013,Granite Island,836,1,2,2,2
2013,Granite Island,837,1,1,1,1
2013,Granite Island,838,1,2,2,2
2014,Granite Island,834,1,2,2,2
2014,Granite Island,835,1,2,1,1
2014,Granite Island,837,1,2,2,2
2014,Granite Island,839,1,2,2,2
2014,Granite Island,840,1,2,2,2
2014,Granite Island,1122,1,2,2,2
2014,Granite Island,1123,1,2,1,1
2014,Granite Island,1124,1,2,1,1
2014,Granite Island,1125,1,2,2,2
2015,Granite Island,1122,1,2,0,0
2015,Granite Island,1126,1,2,2,2
2015,Granite Island,1127,1,2,0,0
2015,Granite Island,1128,1,2,2,2
2015,Granite Island,1129,1,2,1,1
2016,Granite Island,1130,2,2,2,2
2016,Granite Island,1125,1,2,2,2
2016,Granite Island,1126,1,2,2,1
2016,Granite Island,1130,1,2,2,2
2016,Granite Island,1131,1,2,2,2
2016,Granite Island,1132,1,2,2,2
2016,Granite Island,1133,1,2,2,2
2016,Granite Island,1134,1,2,2,2
2016,Granite Island,1779,1,2,2,2
2017,Granite Island,1758,1,1,0,0
2017,Granite Island,1133,1,2,0,0
2017,Granite Island,1126,1,1,1,1
2017,Granite Island,1134,1,2,2,2
2017,Granite Island,1759,1,2,2,2
2017,Granite Island,1760,1,2,2,2
2017,Granite Island,1127,1,2,2,2
2017,Granite Island,1761,1,2,2,2
2017,Granite Island,1762,2,2,2,2
2017,Granite Island,1127,2,2,2,2
2008,Kingscote,1711,1,2,2,2
2008,Kingscote,1712,1,2,2,0
2008,Kingscote,1713,1,2,2,0
2008,Kingscote,1713,2,2,0,0
2008,Kingscote,1714,1,2,2,1
2008,Kingscote,1714,2,2,2,1
2008,Kingscote,1715,1,2,2,2
2008,Kingscote,1716,1,2,2,1
2008,Kingscote,1716,2,2,2,2
2008,Kingscote,1717,1,2,0,0
2008,Kingscote,1718,1,2,2,0
2008,Kingscote,1719,1,2,2,2
2008,Kingscote,1720,1,2,2,2
2008,Kingscote,1721,1,2,2,2
2008,Kingscote,1722,1,2,2,2
2008,Kingscote,1723,1,2,2,0
2008,Kingscote,1723,2,1,0,0
2008,Kingscote,1724,1,2,2,2
2008,Kingscote,1725,1,2,2,0
2008,Kingscote,1726,1,2,2,0
2008,Kingscote,1727,1,2,2,2
2008,Kingscote,1728,1,2,2,0
2008,Kingscote,1729,1,2,2,0
2008,Kingscote,1730,1,2,2,0
2009,Kingscote,1716,1,2,2,0
2009,Kingscote,1716,2,2,2,0
2009,Kingscote,1717,1,2,2,2
2009,Kingscote,1718,1,2,2,2
2009,Kingscote,1719,1,1,1,1
2009,Kingscote,1719,2,2,2,2
2009,Kingscote,1721,1,2,2,1
2009,Kingscote,1723,1,2,2,0
2009,Kingscote,1725,1,2,2,0
2009,Kingscote,1726,1,2,2,0
2009,Kingscote,1727,1,2,2,0
2009,Kingscote,1731,1,2,2,1
2009,Kingscote,1738,1,2,2,2
2010,Kingscote,1732,2,1,0,0
2010,Kingscote,1732,1,1,1,1
2010,Kingscote,1733,1,1,0,0
2010,Kingscote,1734,1,2,2,2
2010,Kingscote,1735,1,2,2,1
2010,Kingscote,1735,2,2,2,1
2010,Kingscote,1736,1,2,2,1
2010,Kingscote,1737,1,2,2,0
2010,Kingscote,1739,1,2,0,0
2010,Kingscote,1739,2,2,2,2
2010,Kingscote,1740,1,2,2,1
2010,Kingscote,1740,2,2,2,2
2010,Kingscote,1741,1,2,2,0
2010,Kingscote,1741,2,2,0,0
2010,Kingscote,1742,1,1,1,0
2010,Kingscote,1743,1,2,2,1
2010,Kingscote,1744,1,2,2,2
2010,Kingscote,1745,1,2,2,2
2010,Kingscote,1746,1,2,1,1
2010,Kingscote,1747,1,2,2,0
2010,Kingscote,1747,2,2,2,2
2010,Kingscote,1748,1,2,2,2
2010,Kingscote,1749,1,2,2,2
2010,Kingscote,1750,1,2,2,1
2010,Kingscote,1750,2,2,2,1
2010,Kingscote,1751,1,1,1,0
2010,Kingscote,1752,1,2,2,0
2010,Kingscote,1753,1,2,2,2
2011,Kingscote,1732,1,1,1,0
2011,Kingscote,1734,2,2,2,0
2011,Kingscote,1734,1,2,2,2
2011,Kingscote,1735,1,2,2,2
2011,Kingscote,1735,2,2,2,2
2011,Kingscote,1737,1,2,2,2
2011,Kingscote,1737,2,2,2,2
2011,Kingscote,1739,1,1,1,1
2011,Kingscote,1740,1,2,2,1
2011,Kingscote,1741,1,2,2,2
2011,Kingscote,1742,1,2,0,0
2011,Kingscote,1743,1,2,2,1
2011,Kingscote,1744,1,2,2,2
2011,Kingscote,1744,2,2,2,1
2011,Kingscote,1745,1,2,2,2
2011,Kingscote,1746,1,2,2,0
2011,Kingscote,1747,1,2,2,1
2011,Kingscote,1748,1,2,2,0
2011,Kingscote,1749,1,2,2,2
2011,Kingscote,1750,2,2,2,0
2011,Kingscote,1750,1,2,2,0
2011,Kingscote,1750,1,2,2,2
2011,Kingscote,1752,1,2,0,0
2011,Kingscote,1752,2,2,2,2
2011,Kingscote,1753,2,1,0,0
2011,Kingscote,1754,1,2,2,2
2011,Kingscote,1755,1,2,2,0
2011,Kingscote,1756,1,2,2,0
2011,Kingscote,1757,1,2,2,0
2012,Kingscote,1737,1,2,2,1
2012,Kingscote,1744,1,2,2,0
2012,Kingscote,1747,1,2,0,0
2012,Kingscote,1749,1,2,2,0
2012,Kingscote,1750,1,2,2,0
2012,Kingscote,1750,2,2,,
2012,Kingscote,1757,1,2,2,2
2013,Kingscote,1191,1,2,0,0
2013,Kingscote,1192,1,2,2,
2013,Kingscote,1193,1,1,1,1
2013,Kingscote,1194,1,1,1,0
2013,Kingscote,1195,1,2,2,2
2014,Kingscote,1192,1,2,2,2
2014,Kingscote,1196,1,2,2,2
2014,Kingscote,1197,1,2,0,0
2014,Kingscote,1198,1,2,2,1
2014,Kingscote,1199,1,2,2,2
2014,Kingscote,1200,1,2,2,2
2014,Kingscote,1201,1,2,0,0
2014,Kingscote,1202,1,2,2,0
2014,Kingscote,1203,1,2,2,0
2014,Kingscote,1204,1,2,0,0
2014,Kingscote,1205,1,2,2,
2014,Kingscote,1206,1,2,1,
2014,Kingscote,1207,1,2,2,2
2014,Kingscote,1208,1,2,2,2
2014,Kingscote,1209,1,2,0,0
2015,Kingscote,1192,1,2,0,0
2015,Kingscote,1200,1,2,1,0
2015,Kingscote,1204,1,2,1,0
2015,Kingscote,1210,1,2,2,2
2015,Kingscote,1211,2,2,0,0
2015,Kingscote,1212,1,2,,
2015,Kingscote,1213,1,2,2,
2016,Kingscote,1192,1,2,2,2
2016,Kingscote,1213,1,2,0,0
2016,Kingscote,1214,1,2,,
2008,Nepean Pines,1364,1,2,1,0
2008,Nepean Pines,1365,1,2,1,0
2008,Nepean Pines,1366,2,2,1,0
2008,Nepean Pines,1366,1,2,1,1
2008,Nepean Pines,1367,1,2,2,0
2008,Nepean Pines,1368,1,1,1,1
2008,Nepean Pines,1369,1,1,1,1
2008,Nepean Pines,1370,1,1,0,0
2008,Nepean Pines,1371,1,2,2,1
2008,Nepean Pines,1372,1,2,1,0
2008,Nepean Pines,1372,2,1,1,0
2008,Nepean Pines,1373,1,2,2,0
2008,Nepean Pines,1374,1,2,2,1
2008,Nepean Pines,1375,1,1,1,0
2009,Nepean Pines,1364,1,1,1,1
2009,Nepean Pines,1366,1,1,1,1
2009,Nepean Pines,1367,1,1,1,1
2009,Nepean Pines,1371,1,2,2,2
2009,Nepean Pines,1371,2,2,2,2
2009,Nepean Pines,1373,1,1,1,0
2009,Nepean Pines,1374,1,2,2,2
2009,Nepean Pines,1374,2,1,1,1
2009,Nepean Pines,1376,1,2,2,0
2009,Nepean Pines,1377,1,2,2,2
2009,Nepean Pines,1377,2,2,2,1
2009,Nepean Pines,1378,1,2,2,2
2009,Nepean Pines,1379,1,1,1,1
2010,Nepean Pines,1364,1,2,1,0
2010,Nepean Pines,1366,1,2,1,0
2010,Nepean Pines,1370,1,2,2,2
2010,Nepean Pines,1371,2,2,1,0
2010,Nepean Pines,1371,1,2,2,2
2010,Nepean Pines,1372,1,2,2,2
2010,Nepean Pines,1377,1,2,1,0
2010,Nepean Pines,1379,1,2,2,2
2010,Nepean Pines,1380,1,2,1,1
2011,Nepean Pines,1364,1,2,2,1
2011,Nepean Pines,1366,1,2,1,0
2011,Nepean Pines,1366,2,2,1,1
2011,Nepean Pines,1369,1,2,1,0
2011,Nepean Pines,1369,2,2,1,1
2011,Nepean Pines,1371,1,2,1,1
2011,Nepean Pines,1381,1,2,1,1
2011,Nepean Pines,1382,1,2,2,2
2011,Nepean Pines,1383,1,2,1,1
2011,Nepean Pines,1384,1,2,1,1
2011,Nepean Pines,1385,1,1,1,1
2012,Nepean Pines,1364,2,2,0,0
2012,Nepean Pines,1364,1,2,2,2
2012,Nepean Pines,1366,1,2,1,1
2012,Nepean Pines,1367,1,2,2,2
2012,Nepean Pines,1371,1,1,1,0
2012,Nepean Pines,1371,2,2,2,1
2012,Nepean Pines,1383,1,2,2,1
2012,Nepean Pines,1384,1,1,1,1
2012,Nepean Pines,1386,1,1,1,1
2012,Nepean Pines,1387,1,2,2,1
2012,Nepean Pines,1388,1,2,2,1
2012,Penneshaw,1681,1,2,2,2
2012,Penneshaw,1682,1,2,2,2
2012,Penneshaw,1683,1,2,,
2012,Penneshaw,1684,1,2,2,
2012,Penneshaw,1685,1,2,2,2
2012,Penneshaw,1686,1,2,0,0
2012,Penneshaw,1687,1,2,2,2
2012,Penneshaw,1688,1,2,2,
2012,Penneshaw,1689,1,2,2,2
2012,Penneshaw,1690,1,2,0,0
2012,Penneshaw,1691,1,2,2,1
2013,Penneshaw,1215,1,2,,
2013,Penneshaw,1216,1,2,2,2
2013,Penneshaw,1217,1,2,2,2
2013,Penneshaw,1218,1,1,0,0
2004,Troubridge Island,1229,1,2,2,2
2004,Troubridge Island,1230,1,1,0,0
2004,Troubridge Island,1231,1,2,2,2
2004,Troubridge Island,1232,1,2,2,0
2004,Troubridge Island,1233,1,2,2,2
2004,Troubridge Island,1234,1,1,1,1
2004,Troubridge Island,1235,1,2,2,2
2004,Troubridge Island,1236,1,2,2,2
2004,Troubridge Island,1237,1,2,2,2
2004,Troubridge Island,1238,1,2,0,0
2004,Troubridge Island,1239,1,2,2,1
2004,Troubridge Island,1240,1,1,1,1
2004,Troubridge Island,1241,1,2,2,1
2004,Troubridge Island,1242,1,2,2,2
2004,Troubridge Island,1243,1,2,2,0
2004,Troubridge Island,1244,1,1,1,1
2004,Troubridge Island,1245,1,2,2,2
2004,Troubridge Island,1246,1,2,2,2
2004,Troubridge Island,1247,1,2,2,2
2004,Troubridge Island,1248,1,2,0,0
2004,Troubridge Island,1249,1,2,2,2
2004,Troubridge Island,1250,1,2,2,2
2004,Troubridge Island,1251,1,2,2,2
2004,Troubridge Island,1252,1,2,1,1
2004,Troubridge Island,1253,1,2,2,2
2004,Troubridge Island,1254,1,2,2,1
2004,Troubridge Island,1255,1,2,0,0
2004,Troubridge Island,1256,1,2,0,0
2004,Troubridge Island,1257,1,2,2,1
2004,Troubridge Island,1258,1,2,2,2
2004,Troubridge Island,1259,1,2,2,0
2004,Troubridge Island,1260,1,2,2,2
2004,Troubridge Island,1261,1,2,2,2
2004,Troubridge Island,1262,1,2,0,0
2004,Troubridge Island,1263,1,2,2,2
2004,Troubridge Island,1264,1,2,0,0
2004,Troubridge Island,1265,1,2,2,2
2004,Troubridge Island,1266,1,2,0,0
2004,Troubridge Island,1267,1,2,2,1
2004,Troubridge Island,1268,1,1,1,1
2004,Troubridge Island,1269,1,1,1,1
2004,Troubridge Island,1270,1,1,1,1
2004,Troubridge Island,1271,1,2,2,2
2004,Troubridge Island,1272,1,2,2,2
2004,Troubridge Island,1273,1,2,2,2
2004,Troubridge Island,1274,1,2,0,0
2004,Troubridge Island,1275,1,2,0,0
2004,Troubridge Island,1276,1,1,1,
2004,Troubridge Island,1277,1,1,1,1
2004,Troubridge Island,1278,1,1,1,1
2004,Troubridge Island,1279,1,2,2,2
2004,Troubridge Island,1280,1,2,0,0
2004,Troubridge Island,1281,1,2,1,1
2004,Troubridge Island,1282,1,1,1,1
2004,Troubridge Island,1283,1,1,1,1
2004,Troubridge Island,1284,1,2,2,2
2004,Troubridge Island,1285,1,1,0,0
2004,Troubridge Island,1286,1,2,2,2
2004,Troubridge Island,1287,1,2,2,2
2004,Troubridge Island,1288,1,2,2,2
2004,Troubridge Island,1289,1,2,0,0
2004,Troubridge Island,1290,1,1,1,
2004,Troubridge Island,1291,1,1,1,1
2004,Troubridge Island,1292,1,2,2,2
2004,Troubridge Island,1293,1,2,2,2
2004,Troubridge Island,1294,1,2,1,1
2004,Troubridge Island,1295,1,2,0,0
2004,Troubridge Island,1296,1,2,0,0
2004,Troubridge Island,1297,1,2,0,0
2004,Troubridge Island,1298,1,2,0,0
2004,Troubridge Island,1299,1,1,1,1
2004,Troubridge Island,1300,1,2,2,2
2004,Troubridge Island,1301,1,2,2,2
2004,Troubridge Island,1302,1,2,2,2
2004,Troubridge Island,1303,1,2,2,2
2004,Troubridge Island,1304,1,2,2,2
2004,Troubridge Island,1305,1,2,0,0
2004,Troubridge Island,1306,1,2,2,2
2004,Troubridge Island,1307,1,2,0,0
2004,Troubridge Island,1308,1,2,2,2
2004,Troubridge Island,1309,1,2,0,0
2004,Troubridge Island,1310,1,2,1,1
2004,Troubridge Island,1311,1,2,0,0
2004,Troubridge Island,1312,1,2,2,2
2004,Troubridge Island,1313,1,2,1,0
2004,Troubridge Island,1314,1,2,2,2
2004,Troubridge Island,1315,1,1,1,1
2004,Troubridge Island,1316,1,2,2,2
2004,Troubridge Island,1317,1,2,2,2
2004,Troubridge Island,1318,1,2,2,2
2004,Troubridge Island,1319,1,2,1,1
2004,Troubridge Island,1320,1,2,0,0
2004,Troubridge Island,1321,1,1,0,0
2004,Troubridge Island,1322,1,2,0,0
2004,Troubridge Island,1323,1,2,0,0
2004,Troubridge Island,1324,1,2,0,0
2004,Troubridge Island,1325,1,2,1,0
2004,Troubridge Island,1326,1,1,0,0
2004,Troubridge Island,1327,1,1,0,0
2004,Troubridge Island,1328,1,2,0,0
2004,Troubridge Island,1329,1,2,2,2
2004,Troubridge Island,1330,1,2,1,0
2004,Troubridge Island,1331,1,2,0,0
2004,Troubridge Island,1332,1,2,0,0
2004,Troubridge Island,1333,1,2,0,0
2004,Troubridge Island,1334,1,1,0,0
2004,Troubridge Island,1335,1,2,2,1
2004,Troubridge Island,1336,1,2,0,0
2004,Troubridge Island,1337,1,2,2,2
2004,Troubridge Island,1338,1,2,0,0
2004,Troubridge Island,1339,1,1,0,0
2004,Troubridge Island,1340,1,2,0,0
2004,Troubridge Island,1341,1,2,0,0
2004,Troubridge Island,1342,1,2,0,0
2004,Troubridge Island,1343,1,2,1,1
2004,Troubridge Island,1344,1,2,0,0
2004,Troubridge Island,1345,1,2,,
2004,Troubridge Island,1346,1,2,0,0
2004,Troubridge Island,1347,1,2,0,0
2004,Troubridge Island,1348,1,2,0,0
2004,Troubridge Island,1349,1,1,0,0
2004,Troubridge Island,1350,1,2,0,0
2004,Troubridge Island,1351,1,2,2,0
2004,Troubridge Island,1352,1,2,0,0
2004,Troubridge Island,1353,1,2,2,2
2004,Troubridge Island,1354,1,2,0,0
2004,Troubridge Island,1355,1,2,2,
2004,Troubridge Island,1356,1,2,2,2
2004,Troubridge Island,1357,1,2,2,2
2004,Troubridge Island,1358,1,2,1,1
2004,Troubridge Island,1359,1,2,0,0
2004,Troubridge Island,1360,1,2,2,2
2004,Troubridge Island,1361,1,1,1,1
2004,Troubridge Island,1362,1,2,2,0
2004,Troubridge Island,1363,1,2,2,1
2005,Troubridge Island,1436,1,2,2,2
2005,Troubridge Island,1437,1,2,1,1
2005,Troubridge Island,1438,1,2,0,0
2005,Troubridge Island,1439,1,2,,
2005,Troubridge Island,1440,1,2,,
2005,Troubridge Island,1441,1,2,2,0
2005,Troubridge Island,1442,1,2,1,1
2005,Troubridge Island,1443,1,2,,
2005,Troubridge Island,1444,1,2,0,0
2005,Troubridge Island,1445,1,2,2,2
2005,Troubridge Island,1446,1,2,1,1
2005,Troubridge Island,1447,1,2,2,2
2005,Troubridge Island,1448,1,2,2,0
2005,Troubridge Island,1449,1,2,,
2005,Troubridge Island,1450,1,2,2,2
2005,Troubridge Island,1451,1,2,,
2005,Troubridge Island,1452,1,2,2,2
2005,Troubridge Island,1453,1,2,,
2005,Troubridge Island,1454,1,2,2,2
2005,Troubridge Island,1455,1,2,2,2
2005,Troubridge Island,1456,1,2,,
2005,Troubridge Island,1457,1,2,0,0
2005,Troubridge Island,1458,1,2,0,0
2005,Troubridge Island,1459,1,2,2,2
2005,Troubridge Island,1460,1,2,,
2005,Troubridge Island,1461,1,2,2,2
2005,Troubridge Island,1462,1,2,,
2005,Troubridge Island,1463,1,1,1,1
2005,Troubridge Island,1464,1,2,2,2
2005,Troubridge Island,1465,1,2,,
2005,Troubridge Island,1466,1,1,,
2005,Troubridge Island,1467,1,1,1,1
2005,Troubridge Island,1468,1,2,,
2005,Troubridge Island,1469,1,2,,
2005,Troubridge Island,1470,1,2,2,2
2005,Troubridge Island,1471,1,2,,
2005,Troubridge Island,1472,1,2,2,2
2005,Troubridge Island,1473,1,2,,
2005,Troubridge Island,1474,1,1,1,1
2005,Troubridge Island,1475,1,2,2,2
2005,Troubridge Island,1476,1,2,2,2
2005,Troubridge Island,1477,1,2,2,2
2005,Troubridge Island,1478,1,2,2,0
2005,Troubridge Island,1479,1,2,2,1
2005,Troubridge Island,1480,1,2,,
2005,Troubridge Island,1481,1,1,1,1
2005,Troubridge Island,1482,1,2,1,1
2005,Troubridge Island,1483,1,2,,
2005,Troubridge Island,1484,1,2,2,2
2005,Troubridge Island,1485,1,2,,
2005,Troubridge Island,1486,1,2,2,0
2005,Troubridge Island,1487,1,2,0,0
2005,Troubridge Island,1488,1,1,,
2005,Troubridge Island,1489,1,2,2,2
2005,Troubridge Island,1490,1,2,0,0
2005,Troubridge Island,1491,1,2,,
2005,Troubridge Island,1492,1,2,2,2
2005,Troubridge Island,1493,1,2,,
2005,Troubridge Island,1494,1,2,2,0
2005,Troubridge Island,1495,1,2,0,0
2005,Troubridge Island,1496,1,2,,
2005,Troubridge Island,1497,1,2,2,1
2005,Troubridge Island,1498,1,2,,
2005,Troubridge Island,1499,1,2,,
2005,Troubridge Island,1500,1,2,2,2
2005,Troubridge Island,1501,1,2,0,0
2005,Troubridge Island,1502,1,2,,
2005,Troubridge Island,1504,1,2,,
2005,Troubridge Island,1505,1,1,1,1
2005,Troubridge Island,1506,1,2,2,1
2005,Troubridge Island,1507,1,2,,
2005,Troubridge Island,1508,1,2,0,0
2005,Troubridge Island,1509,1,2,0,0
2005,Troubridge Island,1510,1,2,2,2
2005,Troubridge Island,1511,1,2,0,0
2005,Troubridge Island,1512,1,2,2,2
2005,Troubridge Island,1513,1,2,,
2005,Troubridge Island,1514,1,2,,
2005,Troubridge Island,1515,1,2,,
2005,Troubridge Island,1516,1,2,,
2005,Troubridge Island,1517,1,2,2,1
2005,Troubridge Island,1518,1,2,2,2
2005,Troubridge Island,1519,1,2,0,0
2005,Troubridge Island,1520,1,2,0,0
2005,Troubridge Island,1521,1,2,2,2
2005,Troubridge Island,1522,1,2,1,0
2005,Troubridge Island,1523,1,2,2,2
2005,Troubridge Island,1524,1,2,0,0
2005,Troubridge Island,1525,1,1,0,0
2005,Troubridge Island,1526,1,2,0,0
2005,Troubridge Island,1527,1,2,0,0
2005,Troubridge Island,1528,1,2,0,0
2005,Troubridge Island,1529,1,2,0,0
2005,Troubridge Island,1530,1,2,2,2
2005,Troubridge Island,1531,1,2,0,0
2005,Troubridge Island,1532,1,1,0,0
2005,Troubridge Island,1533,1,2,1,0
2005,Troubridge Island,1534,1,2,0,0
2005,Troubridge Island,1535,1,2,0,0
2005,Troubridge Island,1536,1,2,0,0
2005,Troubridge Island,1537,1,2,1,1
2005,Troubridge Island,1538,1,1,0,0
2005,Troubridge Island,1539,1,2,0,0
2005,Troubridge Island,1540,1,2,0,0
2005,Troubridge Island,1541,1,2,2,1
2005,Troubridge Island,1542,1,2,,
2005,Troubridge Island,1543,1,2,1,1
2005,Troubridge Island,1544,1,1,0,0
2005,Troubridge Island,1545,1,2,1,1
2005,Troubridge Island,1546,1,1,0,0
2005,Troubridge Island,1547,1,2,2,2
2005,Troubridge Island,1548,1,2,,
2005,Troubridge Island,1549,1,2,2,2
2005,Troubridge Island,1550,1,2,1,1
2005,Troubridge Island,1551,1,2,0,0
2005,Troubridge Island,1552,1,2,1,1
2005,Troubridge Island,1553,1,2,2,2
2005,Troubridge Island,1554,1,2,2,1
2005,Troubridge Island,1555,1,2,2,2
2005,Troubridge Island,1556,1,2,1,1
2005,Troubridge Island,1557,1,1,0,0
2005,Troubridge Island,1558,1,2,,
2005,Troubridge Island,1559,1,2,2,2
2005,Troubridge Island,1560,1,2,1,1
2005,Troubridge Island,1561,1,2,0,0
2005,Troubridge Island,1562,1,2,,
2005,Troubridge Island,1563,1,2,2,2
2005,Troubridge Island,1564,1,2,,
2005,Troubridge Island,1565,1,2,2,2
2005,Troubridge Island,1566,1,2,,
2005,Troubridge Island,1567,1,,1,0
2005,Troubridge Island,1568,1,2,2,2
2005,Troubridge Island,1569,1,2,1,1
2005,Troubridge Island,1570,1,2,1,1
2005,Troubridge Island,1571,1,2,2,0
2005,Troubridge Island,1572,1,2,,
2005,Troubridge Island,1573,1,2,2,0
2005,Troubridge Island,1574,1,2,1,1
2005,Troubridge Island,1575,1,2,,
2005,Troubridge Island,1576,1,2,2,2
2005,Troubridge Island,1577,1,2,2,2
2005,Troubridge Island,1578,1,2,1,1
2005,Troubridge Island,1579,1,2,1,1
2005,Troubridge Island,1580,1,2,1,1
2005,Troubridge Island,1581,1,2,2,2
2005,Troubridge Island,1582,1,2,2,2
2005,Troubridge Island,1583,1,2,,
2005,Troubridge Island,1584,1,2,0,0
2005,Troubridge Island,1585,1,2,0,0
2005,Troubridge Island,1586,1,2,2,2
2005,Troubridge Island,1587,1,2,1,1
2005,Troubridge Island,1588,1,2,1,1
2005,Troubridge Island,1589,1,2,1,1
2005,Troubridge Island,1590,1,2,2,2
2005,Troubridge Island,1591,1,2,,
2006,Troubridge Island,1592,1,1,1,1
2006,Troubridge Island,1593,1,1,0,0
2006,Troubridge Island,1594,1,1,1,0
2006,Troubridge Island,1595,1,1,,
2006,Troubridge Island,1596,1,1,1,1
2006,Troubridge Island,1597,1,1,1,1
2006,Troubridge Island,1598,1,1,0,0
2006,Troubridge Island,1599,1,1,0,0
2006,Troubridge Island,1600,1,2,1,0
2006,Troubridge Island,1601,1,2,0,0
2006,Troubridge Island,1602,1,2,2,1
2006,Troubridge Island,1603,1,2,2,2
2006,Troubridge Island,1604,1,2,2,2
2006,Troubridge Island,1605,1,2,0,0
2006,Troubridge Island,1606,1,2,0,0
2006,Troubridge Island,1607,1,2,0,0
2006,Troubridge Island,1608,1,2,2,0
2006,Troubridge Island,1609,1,2,1,1
2006,Troubridge Island,1610,1,2,0,0
2006,Troubridge Island,1611,1,2,1,0
2006,Troubridge Island,1612,1,2,0,0
2006,Troubridge Island,1613,1,2,,
2006,Troubridge Island,1614,1,2,2,0
2006,Troubridge Island,1615,1,2,0,0
2006,Troubridge Island,1616,1,2,2,2
2006,Troubridge Island,1617,1,2,0,0
2006,Troubridge Island,1618,1,2,2,2
2006,Troubridge Island,1619,1,2,0,0
2006,Troubridge Island,1620,1,2,0,0
2006,Troubridge Island,1621,1,2,0,0
2006,Troubridge Island,1622,1,2,0,0
2006,Troubridge Island,1623,1,2,0,0
2006,Troubridge Island,1624,1,2,0,0
2006,Troubridge Island,1625,1,2,0,0
2006,Troubridge Island,1626,1,2,0,0
2006,Troubridge Island,1627,1,2,1,1
2006,Troubridge Island,1628,1,2,0,0
2006,Troubridge Island,1629,1,2,0,0
2006,Troubridge Island,1630,1,2,0,0
2006,Troubridge Island,1631,1,2,0,0
2006,Troubridge Island,1632,1,2,0,0
2006,Troubridge Island,1633,1,2,0,0
2006,Troubridge Island,1634,1,2,0,0
2006,Troubridge Island,1635,1,2,2,2
2006,Troubridge Island,1636,1,2,0,0
2006,Troubridge Island,1637,1,2,0,0
2006,Troubridge Island,1638,1,2,0,0
2006,Troubridge Island,1639,1,2,0,0
2006,Troubridge Island,1640,1,2,0,0
2006,Troubridge Island,1641,1,2,0,0
2006,Troubridge Island,1642,1,2,,
2006,Troubridge Island,1643,1,2,,
2006,Troubridge Island,1644,1,2,,
2006,Troubridge Island,1645,1,2,0,0
2006,Troubridge Island,1646,1,2,,
2006,Troubridge Island,1647,1,2,0,0
2006,Troubridge Island,1648,1,2,0,0
2006,Troubridge Island,1649,1,2,,
2006,Troubridge Island,1650,1,2,0,0
2006,Troubridge Island,1651,1,2,0,0
2006,Troubridge Island,1652,1,2,2,2
2006,Troubridge Island,1653,1,2,2,2
2006,Troubridge Island,1654,1,2,0,0
2006,Troubridge Island,1655,1,2,1,1
2006,Troubridge Island,1656,1,2,1,1
2006,Troubridge Island,1657,1,2,0,0
2013,Troubridge Island,1021,1,2,1,0
2013,Troubridge Island,1021,2,2,2,1
2013,Troubridge Island,1022,1,2,2,2
2013,Troubridge Island,1023,1,2,2,2
2013,Troubridge Island,1024,1,2,0,0
2013,Troubridge Island,1025,1,2,0,0
2013,Troubridge Island,1026,1,1,1,1
2013,Troubridge Island,1027,1,2,2,
2013,Troubridge Island,1028,1,2,2,
2013,Troubridge Island,1029,1,2,2,2
2013,Troubridge Island,1030,1,2,2,
2013,Troubridge Island,1031,1,2,2,2
2013,Troubridge Island,1032,1,2,0,0
2013,Troubridge Island,1033,1,2,2,0
2013,Troubridge Island,1034,1,2,2,2
2013,Troubridge Island,1035,1,1,0,0
2013,Troubridge Island,1036,1,2,0,0
2013,Troubridge Island,1037,1,2,0,0
2013,Troubridge Island,1038,1,2,0,0
2013,Troubridge Island,1039,1,1,1,
2013,Troubridge Island,1040,1,2,0,0
2013,Troubridge Island,1041,1,2,0,0
2013,Troubridge Island,1042,1,1,1,
2013,Troubridge Island,1043,1,2,1,1
2013,Troubridge Island,1044,1,2,0,0
2013,Troubridge Island,1044,2,2,0,0
2013,Troubridge Island,1045,1,2,0,0
2013,Troubridge Island,1045,2,2,2,2
2013,Troubridge Island,1046,1,2,0,0
2013,Troubridge Island,1046,2,2,0,0
2013,Troubridge Island,1047,1,2,1,0
2013,Troubridge Island,1047,2,2,1,
2013,Troubridge Island,1048,1,2,2,2
2013,Troubridge Island,1049,1,2,0,0
2013,Troubridge Island,1050,1,2,2,
2013,Troubridge Island,1051,1,2,1,
2013,Troubridge Island,1052,1,2,0,0
2013,Troubridge Island,1053,1,2,2,2
2013,Troubridge Island,1054,1,2,0,0
2014,Troubridge Island,1021,1,2,2,2
2014,Troubridge Island,1024,1,2,2,1
2014,Troubridge Island,1025,1,2,2,2
2014,Troubridge Island,1025,2,2,2,
2014,Troubridge Island,1028,1,2,2,
2014,Troubridge Island,1054,2,2,0,0
2014,Troubridge Island,1054,1,2,2,1
2014,Troubridge Island,1055,1,2,0,0
2014,Troubridge Island,1056,1,2,2,2
2014,Troubridge Island,1057,1,2,1,
2014,Troubridge Island,1058,1,2,1,0
2014,Troubridge Island,1058,2,2,2,
2014,Troubridge Island,1059,1,2,1,1
2014,Troubridge Island,1060,1,2,0,0
2014,Troubridge Island,1061,1,2,2,1
2014,Troubridge Island,1062,1,2,0,0
2014,Troubridge Island,1063,1,2,1,0
2014,Troubridge Island,1064,1,2,0,0
2014,Troubridge Island,1065,1,2,1,1
2014,Troubridge Island,1066,1,2,1,0
2014,Troubridge Island,1067,1,2,2,
2014,Troubridge Island,1068,1,2,0,0
2014,Troubridge Island,1069,1,2,2,0
2014,Troubridge Island,1070,1,2,0,0
2014,Troubridge Island,1071,1,2,2,2
2014,Troubridge Island,1071,2,2,2,
2014,Troubridge Island,1072,1,2,0,0
2014,Troubridge Island,1073,1,2,1,1
2014,Troubridge Island,1074,1,2,0,0
2014,Troubridge Island,1075,1,2,1,1
2014,Troubridge Island,1076,1,2,1,1
2014,Troubridge Island,1077,1,2,1,0
2014,Troubridge Island,1078,1,2,0,0
2015,Troubridge Island,1028,1,2,0,0
2015,Troubridge Island,1028,2,2,0,0
2015,Troubridge Island,1054,1,2,0,0
2015,Troubridge Island,1060,1,2,0,0
2015,Troubridge Island,1061,1,2,0,0
2015,Troubridge Island,1063,1,2,2,0
2015,Troubridge Island,1070,1,2,2,
2015,Troubridge Island,1079,1,2,2,1
2015,Troubridge Island,1080,1,2,2,2
2015,Troubridge Island,1081,1,2,2,0
2015,Troubridge Island,1082,1,2,1,1
2015,Troubridge Island,1082,2,2,,
2015,Troubridge Island,1084,1,2,0,0
2015,Troubridge Island,1085,1,2,0,0
2015,Troubridge Island,1086,1,2,0,0
2015,Troubridge Island,1087,1,2,2,
2015,Troubridge Island,1088,2,2,0,0
2015,Troubridge Island,1088,1,2,2,2
2015,Troubridge Island,1089,1,2,2,
2015,Troubridge Island,1090,1,2,0,0
2015,Troubridge Island,1091,1,2,0,0
2015,Troubridge Island,1092,1,2,0,0
2015,Troubridge Island,1093,1,2,2,2
2015,Troubridge Island,1094,1,2,2,
2015,Troubridge Island,1095,1,2,0,0
2015,Troubridge Island,1096,1,2,1,1
2015,Troubridge Island,1097,1,2,0,0
2015,Troubridge Island,1098,1,2,,
2015,Troubridge Island,1099,1,2,2,
2015,Troubridge Island,1100,1,2,2,0
2016,Troubridge Island,1028,1,1,1,1
2016,Troubridge Island,1060,1,2,2,2
2016,Troubridge Island,1063,1,2,2,2
2016,Troubridge Island,1779,1,2,2,1
2016,Troubridge Island,1070,1,2,2,0
2016,Troubridge Island,1079,1,2,2,2
2016,Troubridge Island,1082,1,2,2,2
2016,Troubridge Island,1083,1,2,1,
2016,Troubridge Island,1084,1,2,2,
2016,Troubridge Island,1085,1,1,1,0
2016,Troubridge Island,1086,1,2,0,0
2016,Troubridge Island,1100,1,1,0,0
2016,Troubridge Island,1101,1,2,2,2
2016,Troubridge Island,1102,1,2,2,2
2016,Troubridge Island,1103,1,2,2,
2016,Troubridge Island,1104,1,2,2,2
2016,Troubridge Island,1105,1,2,0,0
2016,Troubridge Island,1106,1,2,2,2
2016,Troubridge Island,1107,1,2,2,2
2016,Troubridge Island,1108,1,2,2,2
2016,Troubridge Island,1109,1,2,2,0
2016,Troubridge Island,1110,1,2,2,
2016,Troubridge Island,1111,1,2,0,0
2016,Troubridge Island,1112,1,2,2,1
2016,Troubridge Island,1114,1,2,2,2
2016,Troubridge Island,1115,1,2,2,2
2016,Troubridge Island,1116,1,2,2,0
2016,Troubridge Island,1117,1,2,2,1
2016,Troubridge Island,1118,1,2,2,2
2016,Troubridge Island,1119,1,2,2,
2016,Troubridge Island,1120,1,2,2,2
2016,Troubridge Island,1121,1,2,2,1
2017,Troubridge Island,1763,1,2,0,0
2017,Troubridge Island,1764,1,2,2,0
2017,Troubridge Island,1765,1,1,1,1
2017,Troubridge Island,1766,1,2,2,0
2017,Troubridge Island,1767,2,1,0,0
2017,Troubridge Island,1768,1,2,2,
2017,Troubridge Island,1769,1,2,2,2
2017,Troubridge Island,1770,1,2,2,
2017,Troubridge Island,1771,1,2,2,
2017,Troubridge Island,1772,1,2,2,2
2017,Troubridge Island,1773,1,2,,
2017,Troubridge Island,1774,1,1,1,1
2017,Troubridge Island,1775,1,1,1,1
2017,Troubridge Island,1776,1,1,1,
2017,Troubridge Island,1777,1,2,2,0
2017,Troubridge Island,1778,1,1,0,0
2017,Troubridge Island,1094,1,2,2,2
2017,Troubridge Island,1102,1,2,2,
2017,Troubridge Island,1085,1,2,0,0
2017,Troubridge Island,1070,1,2,2,
2017,Troubridge Island,1060,1,2,,
2017,Troubridge Island,1779,1,2,2,
2017,Troubridge Island,1110,1,2,2,
2017,Troubridge Island,1111,1,2,0,0
2017,Troubridge Island,1028,1,2,2,2
2017,Troubridge Island,1119,1,1,0,0
2012,Vivonne Bay,1692,1,2,2,0
2012,Vivonne Bay,1693,1,2,2,2
2012,Vivonne Bay,1694,1,2,2,0
2012,Vivonne Bay,1695,1,2,2,0
2012,Vivonne Bay,1696,1,2,2,
2012,Vivonne Bay,1697,1,2,2,2
2012,Vivonne Bay,1698,1,2,2,2
2012,Vivonne Bay,1699,1,2,1,0
2012,Vivonne Bay,1700,1,2,0,0
2012,Vivonne Bay,1701,1,2,2,2
2012,Vivonne Bay,1702,1,2,1,0
2012,Vivonne Bay,1703,1,2,2,1
2012,Vivonne Bay,1704,1,2,2,2
2012,Vivonne Bay,1705,1,2,1,0
2012,Vivonne Bay,1705,2,2,,
2012,Vivonne Bay,1706,1,2,2,2
2012,Vivonne Bay,1707,1,2,2,2
2012,Vivonne Bay,1708,1,2,1,1
2012,Vivonne Bay,1709,1,2,2,2
2012,Vivonne Bay,1710,1,2,2,2
2013,Vivonne Bay,1219,1,1,1,1
2013,Vivonne Bay,1220,1,2,2,2
2013,Vivonne Bay,1221,1,1,1,0
2013,Vivonne Bay,1222,1,2,2,2
2013,Vivonne Bay,1223,1,2,2,2
2013,Vivonne Bay,1224,1,2,2,0
2013,Vivonne Bay,1225,1,2,2,2
2013,Vivonne Bay,1226,1,1,1,1
2013,Vivonne Bay,1227,1,1,1,1
2013,Vivonne Bay,1228,1,2,1,2
2013,Vivonne Bay,1228,1,2,1,2
1998,West Island,902,1,2,1,0
1998,West Island,903,1,2,2,2
1998,West Island,904,1,1,0,0
1998,West Island,905,1,2,2,2
1998,West Island,906,1,2,2,2
1998,West Island,907,1,1,1,0
1998,West Island,908,1,2,2,2
1998,West Island,909,1,1,0,0
1998,West Island,910,1,2,0,0
1998,West Island,911,1,1,1,0
1998,West Island,912,1,2,2,0
1998,West Island,913,1,2,0,0
1998,West Island,914,1,2,1,0
1998,West Island,915,1,2,2,2
1998,West Island,916,1,2,2,1
1998,West Island,917,1,2,2,1
1998,West Island,918,1,2,2,2
1998,West Island,919,1,2,2,2
1998,West Island,920,1,2,2,2
1998,West Island,921,1,2,2,2
1998,West Island,922,1,2,1,1
1998,West Island,923,1,2,2,2
1998,West Island,924,1,2,2,1
1998,West Island,925,1,2,2,2
1998,West Island,926,1,2,0,0
1998,West Island,927,1,2,2,2
1998,West Island,928,1,1,1,1
1998,West Island,929,1,2,1,0
1998,West Island,930,1,2,2,2
1998,West Island,931,1,1,1,1
1998,West Island,932,1,2,2,2
1998,West Island,933,1,1,1,1
1998,West Island,934,1,2,0,0
1999,West Island,935,1,2,2,2
1999,West Island,936,1,1,1,1
1999,West Island,937,1,2,2,0
1999,West Island,938,1,1,1,0
1999,West Island,939,1,2,2,0
1999,West Island,940,1,2,0,0
1999,West Island,940,1,1,1,1
1999,West Island,941,1,2,2,2
1999,West Island,942,1,2,0,0
1999,West Island,943,1,2,0,0
1999,West Island,944,1,2,0,0
1999,West Island,945,1,1,1,0
1999,West Island,945,1,2,2,1
1999,West Island,946,1,2,1,0
1999,West Island,947,1,1,1,0
1999,West Island,948,1,2,2,0
1999,West Island,949,1,2,0,0
1999,West Island,950,1,1,0,0
1999,West Island,951,1,2,0,0
1999,West Island,952,1,2,0,0
1999,West Island,952,1,2,2,1
1999,West Island,953,1,2,2,0
1999,West Island,954,1,2,0,0
1999,West Island,955,1,2,2,0
1999,West Island,956,1,2,2,2
1999,West Island,957,1,2,2,0
1999,West Island,957,1,2,2,0
1999,West Island,958,1,2,1,1
1999,West Island,959,1,2,2,2
1999,West Island,960,1,2,2,1
1999,West Island,961,1,2,2,0
1999,West Island,962,1,1,0,0
1999,West Island,963,1,2,2,0
1999,West Island,964,1,2,0,0
1999,West Island,965,1,2,2,0
1999,West Island,966,1,2,0,0
1999,West Island,967,1,2,0,0
2001,West Island,968,1,1,0,0
2001,West Island,969,1,2,0,0
2001,West Island,970,1,2,0,0
2001,West Island,971,1,2,2,2
2001,West Island,972,1,2,2,0
2001,West Island,973,1,2,0,0
2001,West Island,974,1,2,2,1
2001,West Island,975,1,2,2,0
2001,West Island,976,1,2,2,0
2001,West Island,977,1,2,2,0
2001,West Island,978,1,2,2,0
2001,West Island,979,1,2,2,0
2001,West Island,980,1,2,2,0
2001,West Island,981,1,2,2,1
2001,West Island,982,1,2,2,0
2001,West Island,983,1,2,2,0
2001,West Island,984,1,2,2,1
2001,West Island,985,1,2,2,0
2001,West Island,986,1,1,1,1
2001,West Island,987,1,2,0,0
2001,West Island,988,1,2,2,0
2001,West Island,989,1,2,1,0
2001,West Island,990,1,2,1,0
2001,West Island,991,1,1,0,0
2001,West Island,991,1,2,2,2
2001,West Island,992,1,2,2,0
2001,West Island,992,1,2,0,0
2001,West Island,993,1,1,1,0
2001,West Island,994,1,2,0,0
2001,West Island,995,1,2,2,2
2003,West Island,996,1,2,0,0
2003,West Island,997,1,2,2,1
2003,West Island,998,1,2,2,2
2003,West Island,999,1,2,2,0
2003,West Island,1000,1,2,2,0
2003,West Island,1001,1,2,1,0
2003,West Island,1002,1,2,0,0
2003,West Island,1003,1,2,2,0
2003,West Island,1004,1,2,2,2
2003,West Island,1005,1,2,2,0
2003,West Island,1006,1,2,2,0
2003,West Island,1007,1,2,2,0
2003,West Island,1008,1,2,2,1
2003,West Island,1009,1,2,2,1
2003,West Island,1010,1,2,0,0
2003,West Island,1011,1,2,2,2
2003,West Island,1012,1,2,2,0
2003,West Island,1013,1,2,2,2
2003,West Island,1014,1,2,2,1
2003,West Island,1014,1,2,2,2
2003,West Island,1015,1,2,0,0
2003,West Island,1016,1,1,1,0
2003,West Island,1017,1,2,2,0
2003,West Island,1018,1,2,2,2
2003,West Island,1019,1,2,0,0
2003,West Island,1020,1,2,2,0
